{
     "0_0_out_0": {
          "label_0": [
               [
                    0.3418275122549019,
                    0.314319087009804,
                    0.22366727941176476
               ],
               [
                    0.32677934410903636,
                    0.29812778310822446,
                    0.20592417644598615
               ],
               [
                    0.31511738716105,
                    0.285483265471137,
                    0.1892922117300529
               ],
               0.4096,
               0.3188,
               0.2716
          ],
          "label_1": [
               [
                    0.3134257638982368,
                    0.2740467537129268,
                    0.2257441557858841
               ],
               [
                    0.578143550998381,
                    0.6304191401331173,
                    0.622719913653535
               ],
               [
                    0.46642409541136043,
                    0.45195067717808773,
                    0.42397412573276727
               ],
               0.874,
               0.0872,
               0.0388
          ],
          "label_2": [
               [
                    0.4137254901960783,
                    0.3934862080425389,
                    0.36115653040877416
               ],
               [
                    0.3201146928490744,
                    0.3993280620963303,
                    0.5227676890549426
               ],
               [
                    0.49509956393132676,
                    0.5474522001646691,
                    0.5896929222699967
               ],
               0.4716,
               0.2708,
               0.2576
          ]
     },
     "0_0_out_1": {
          "label_0": [
               [
                    0.3266828584404557,
                    0.2974428845052623,
                    0.20260648065872877
               ],
               [
                    0.34437340153452684,
                    0.31353793691389603,
                    0.21982097186700772
               ],
               [
                    0.30716504659785554,
                    0.28710959681998866,
                    0.1891705915756422
               ],
               0.3972,
               0.368,
               0.2348
          ],
          "label_1": [
               [
                    0.31159161718105066,
                    0.27523056302647814,
                    0.22445255150498405
               ],
               [
                    0.5900692615354597,
                    0.6358989366891032,
                    0.6213052385133159
               ],
               [
                    0.47154684095860566,
                    0.4627886710239652,
                    0.43037037037037035
               ],
               0.8836,
               0.0804,
               0.036
          ],
          "label_2": [
               [
                    0.4136824748180806,
                    0.39245438577624836,
                    0.35872674481127
               ],
               [
                    0.31467207572684225,
                    0.39807978363759305,
                    0.5199350912778904
               ],
               [
                    0.4837983357807145,
                    0.5390918775733495,
                    0.5902277504246928
               ],
               0.4372,
               0.29,
               0.2728
          ]
     },
     "0_0_out_2": {
          "label_0": [
               [
                    0.32746735437389984,
                    0.29744156535265465,
                    0.2035654345245405
               ],
               [
                    0.34492615962186485,
                    0.3143270687744533,
                    0.2203948707510686
               ],
               [
                    0.3066899055918664,
                    0.2825330428467684,
                    0.18612055192447352
               ],
               0.3832,
               0.3468,
               0.27
          ],
          "label_1": [
               [
                    0.31102551404097656,
                    0.27733634145894104,
                    0.23080760835671954
               ],
               [
                    0.4648472001413178,
                    0.5308072778661015,
                    0.5777954425013248
               ],
               [
                    0.6294957983193278,
                    0.6569187675070028,
                    0.6304481792717085
               ],
               0.8552,
               0.0888,
               0.056
          ],
          "label_2": [
               [
                    0.4149877762809959,
                    0.39278218496898326,
                    0.35896489214854743
               ],
               [
                    0.48789763639594813,
                    0.5468218707422546,
                    0.5925952254013388
               ],
               [
                    0.31820048201374634,
                    0.3989288583415157,
                    0.5233836174834122
               ],
               0.4716,
               0.2652,
               0.2632
          ]
     },
     "0_0_out_3": {
          "label_0": [
               [
                    0.3367843137254902,
                    0.308576539387685,
                    0.2165641554867561
               ],
               [
                    0.31395155709342565,
                    0.2869158016147636,
                    0.1942791234140715
               ],
               [
                    0.2675381263616558,
                    0.2483660130718955,
                    0.15029193899782134
               ],
               0.57,
               0.34,
               0.09
          ],
          "label_1": [
               [
                    0.31223743546469956,
                    0.27433196323416015,
                    0.22691382892814682
               ],
               [
                    0.5665732959850606,
                    0.6194989106753814,
                    0.6191876750700279
               ],
               [
                    0.44503042596348885,
                    0.43006535947712415,
                    0.40486815415821503
               ],
               0.8644,
               0.1008,
               0.0348
          ],
          "label_2": [
               [
                    0.4154059399772617,
                    0.3935647650640875,
                    0.35850737435562
               ],
               [
                    0.484349593495935,
                    0.5411944045911046,
                    0.5832018173122907
               ],
               [
                    0.31836433718786655,
                    0.39990615049438577,
                    0.5225741578682754
               ],
               0.504,
               0.262,
               0.234
          ]
     },
     "0_0_out_4": {
          "label_0": [
               [
                    0.31930324042185176,
                    0.294711545820514,
                    0.19973366395738623
               ],
               [
                    0.34039565306062985,
                    0.312245433091513,
                    0.2158843923899426
               ],
               [
                    0.30005027652086474,
                    0.2757092580621992,
                    0.18083746319040436
               ],
               0.5124,
               0.2692,
               0.2184
          ],